{
	"H2": {
		"Mass1": 1.0,
		"Mass2": 1.0,
		"Charge": 0,
		"Multiplicity": 1,
		"BondLength": 0.743947,
		"Polarizability": {
			"XX": 0.56550024,
			"YY": 0.56550024,
			"ZZ": 6.71245818
		}
	},
	"HF": {
		"Mass1": 1.0,
		"Mass2": 19.0,
		"Charge": 0,
		"Multiplicity": 1,
		"BondLength": 0.922239,
		"Polarizability": {
			"XX": 0.65999055,
			"YY": 0.65999055,
			"ZZ": 3.93241788
		}
	},
	"HCl": {
		"Mass1": 1.0,
		"Mass2": 35.0,
		"Charge": 0,
		"Multiplicity": 1,
		"BondLength": 1.287546,
		"Polarizability": {
			"XX": 3.33899082,
			"YY": 3.33899082,
			"ZZ": 13.41544921
		}
	},
	"HBr": {
		"Mass1": 1.0,
		"Mass2": 80.0,
		"Charge": 0,
		"Multiplicity": 1,
		"BondLength": 1.423896,
		"Polarizability": {
			"XX" : 6.44403404,
			"YY" : 6.44403404,
			"ZZ" : 17.6428976
		}
	},
	"OH": {
		"Mass1": 1.0,
		"Mass2": 16.0,
		"Charge": -1,
		"Multiplicity": 1,
		"BondLength": 0.966104,
		"Polarizability": {
			"XX": 1.47264701,
			"YY": 1.47264701,
			"ZZ": 9.36468046
		}
	},
	"CO": {
		"Mass1": 12.0,
		"Mass2": 16.0,
		"Charge": 0,
		"Multiplicity": 1,
		"BondLength": 1.127764,
		"Polarizability": {
			"XX" : 7.06531958,
			"YY" : 7.06531958,
			"ZZ" : 12.49002644
		}
	},
	"O2": {
		"Mass1": 16.0,
		"Mass2": 16.0,
		"Charge": 0,
		"Multiplicity": 3,
		"BondLength": 1.205805,
		"Polarizability": {
			"XX" : 2.55957462,
			"YY" : 2.55957462,
			"ZZ" : 15.33670639
		}
	},
	"F2": {
		"Mass1": 19.0,
		"Mass2": 19.0,
		"Charge": 0,
		"Multiplicity": 1,
		"BondLength": 1.407805,
		"Polarizability": {
			"XX" : 0.79278148,
			"YY" : 0.79278148,
			"ZZ" : 12.41070764
		}
	},
	"N2": {
		"Mass1": 14.0,
		"Mass2": 14.0,
		"Charge": 0,
		"Multiplicity": 1,
		"BondLength": 1.095614,
		"Polarizability": {
			"XX" : 4.87128440,
			"YY" : 4.87128440,
			"ZZ" : 14.15176930
		}
	},
	"CN": {
		"Mass1": 12.0,
		"Mass2": 16.0,
		"Charge": -1,
		"Multiplicity": 1,
		"BondLength": 1.175191,
		"Polarizability": {
			"XX" : 8.26025154,
			"YY" : 8.26025154,
			"ZZ" : 20.39970978
		}
	},
		"Cl2": {
		"Mass1": 35.0,
		"Mass2": 35.0,
		"Charge": 0,
		"Multiplicity": 1,
		"BondLength":  2.053192,
		"Polarizability": {
			"XX" : 5.42029333,
			"YY" : 5.42029333,
			"ZZ" : 41.58342972
		}
	}
}